{
  "model_type": "ImprovedRouteOptimizationGNN",
  "node_features": 14,
  "hidden_dim": 128,
  "num_layers": 4,
  "num_heads": 8,
  "dropout": 0.2,
  "use_residual": true,
  "use_batch_norm": true,
  "train_losses": [
    0.5448089364171028,
    0.19761060670018196,
    0.1791894692182541,
    0.17387429907917976,
    0.17078147545456887,
    0.17025965422391892,
    0.1689733861386776,
    0.16819464638829232,
    0.16772829994559288,
    0.16720939561724663,
    0.16655751794576645,
    0.16666687428951263,
    0.1661072063446045,
    0.16606635212898255,
    0.16563048884272574,
    0.16538782358169557,
    0.16524890840053558,
    0.1652933806180954,
    0.16547086268663405,
    0.16489187940955163,
    0.16536997362971306,
    0.165481758415699,
    0.16486620381474495,
    0.1649121432006359,
    0.16525694996118545,
    0.1656515882909298,
    0.1656387157738209,
    0.16519588977098465,
    0.16512815654277802,
    0.16494180411100387,
    0.16441088959574698,
    0.1648370161652565,
    0.1645832332968712
  ],
  "val_losses": [
    57.95439682006836,
    50.149172973632815,
    23.528360443115233,
    42.97337249755859,
    39.50997673034668,
    42.036947326660155,
    41.648142700195315,
    43.00093826293946,
    45.820972290039066,
    16.256142406463624,
    28.621971893310548,
    23.350399322509766,
    20.866943035125733,
    39.156875,
    22.682908782958986,
    14.55921220779419,
    19.093500213623045,
    11.16637214422226,
    16.799320640563966,
    14.149854383468629,
    12.367319790124894,
    12.297537017464638,
    0.8371236371994019,
    12.839801938533784,
    19.355546875,
    2.07138396859169,
    15.522921752929687,
    0.9167963677644729,
    0.9591920042037964,
    1.4890782976150512,
    1.6821319937705994,
    16.596766109466554,
    5.596240559220314
  ],
  "learning_rates": [
    0.001,
    0.001,
    0.001,
    0.001,
    0.001,
    0.001,
    0.001,
    0.001,
    0.0005,
    0.0005,
    0.0005,
    0.0005,
    0.0005,
    0.0005,
    0.0005,
    0.0005,
    0.0005,
    0.0005,
    0.0005,
    0.0005,
    0.0005,
    0.0005,
    0.0005,
    0.0005,
    0.0005,
    0.0005,
    0.0005,
    0.0005,
    0.00025,
    0.00025,
    0.00025,
    0.00025,
    0.00025
  ],
  "best_val_loss": 0.8371236371994019,
  "total_parameters": 1778592
}